{
    "exampleLights": [
        {
            "color": [
                1.0,
                1.0,
                10.0,
                1.0
            ],
            "id": 0,
            "position": [
                0,
                0,
                0
            ],
            "type": "point"
        },
        {
            "color": [
                1.0,
                1.0,
                10.0,
                1.0
            ],
            "direction": [
                0,
                0,
                0
            ],
            "id": 0,
            "type": "direct"
        },
        {
            "alphaIn": 30,
            "alphaOut": 60,
            "color": [
                1.0,
                1.0,
                10.0,
                1.0
            ],
            "direction": [
                0,
                0,
                0
            ],
            "id": 0,
            "position": [
                0,
                0,
                0
            ],
            "type": "spot"
        }
    ],
    "lights": [
        {
            "color": [
                50.0,
                50.0,
                50.0,
                1.0
            ],
            "direction": [
                0.0,
                0.0,
                0.0
            ],
            "id": 0,
            "position": [
                -3.399998664855957,
                18.50003433227539,
                -8.799997329711914
            ],
            "type": "point"
        }
       
    ]
}